university_id,state,student count,awards_per_value,awards_per_state_value,fte_value
100654,Alabama,4051,14.2,18.8,3906
100663,Alabama,11502,20.9,18.8,10032
100690,Alabama,322,29.9,17.8,294
100706,Alabama,5696,20.9,18.8,5000
100724,Alabama,5356,11.6,18.8,5035
100751,Alabama,29440,18.3,18.8,27148
100760,Alabama,1906,15.9,15.9,1489
100830,Alabama,4322,15.4,18.8,3571
100858,Alabama,19799,21.5,18.8,19635
100937,Alabama,1188,23.5,17.8,1331
101028,Alabama,1837,13.6,15.9,1431
101073,Alabama,600,12.3,17.8,515
101116,Alabama,599,15,29.1,577
101143,Alabama,2333,17.4,15.9,2101
101161,Alabama,4362,11.8,15.9,3703
101189,Alabama,2617,21.5,17.8,2658
101240,Alabama,5797,14.5,15.9,4650
101286,Alabama,4686,17.1,15.9,3611
101295,Alabama,5281,18.8,15.9,4486
101301,Alabama,1745,23.8,15.9,1574
101365,Alabama,320,50,29.1,338
101435,Alabama,1110,22.2,17.8,1078
101462,Alabama,1383,19.3,15.9,921
101480,Alabama,7588,18.1,18.8,6856
101499,Alabama,1091,20.1,15.9,935
101505,Alabama,8542,15.8,15.9,6041
101514,Alabama,11186,12.8,15.9,7911
101541,Alabama,347,14.5,17.8,343
101569,Alabama,3028,13.5,15.9,2695
101587,Alabama,1999,15.3,18.8,1744
101602,Alabama,1570,20.9,15.9,1338
101648,Alabama,418,26.1,15.9,422
101675,Alabama,1666,12,17.8,1681
101693,Alabama,1481,21.7,17.8,1341
101709,Alabama,2618,15.9,18.8,2455
101736,Alabama,3854,16.3,15.9,2702
101879,Alabama,5881,17.4,18.8,5292
101897,Alabama,2834,23.7,15.9,2409
101912,Alabama,1861,16.9,17.8,1777
101949,Alabama,1349,19.5,15.9,1124
101958,Alabama,102,9,3.2,133
101994,Alabama,517,25,15.9,673
102030,Alabama,3896,11.3,15.9,2822
102049,Alabama,3013,19.9,17.8,3100
102058,Alabama,582,5.2,17.8,433
102067,Alabama,5068,10.7,15.9,4106
102076,Alabama,2295,20.7,15.9,2023
102094,Alabama,11307,17.3,18.8,10289
102234,Alabama,1292,18.5,17.8,1225
102261,Alabama,161,18.7,17.8,149
102270,Alabama,863,11.8,17.8,940
102298,Alabama,932,13.1,17.8,542
102313,Alabama,1351,17.7,15.9,1275
102368,Alabama,16316,21.4,18.8,13261
102377,Alabama,2584,13.9,17.8,2606
102429,Alabama,3490,16.6,15.9,2970
102553,Alaska,16380,16.1,16.3,11469
102614,Alaska,7989,16.6,16.3,5545
102632,Alaska,2645,16.2,16.3,1544
102669,Alaska,387,22.9,22.9,342
102845,Alaska,2191,34.2,34.2,2983
103361,Alaska,471,5.1,9.1,263
103644,Arizona,2761,27,32.8,2008
103893,Arizona,676,73.6,32.8,573
103909,Arizona,691,60.4,36.8,767
103927,Arizona,440,76.4,36.8,379
103945,Arizona,209,24.8,21.7,401
104090,Arizona,828,18.4,32.8,736
104151,Arizona,38730,23.7,22,38789
104160,Arizona,8000,20.7,20.4,5538
104179,Arizona,31670,21.3,22,30837
104188,Arizona,216,12.7,32.8,277
104346,Arizona,6445,20.2,20.4,4893
104364,Arizona,684,27,32.8,685
104425,Arizona,4453,22.5,20.4,7909
104577,Arizona,6602,17.3,20.4,3810
104586,Arizona,1879,20.6,21.7,1674
104708,Arizona,20872,21,20.4,12558
104717,Arizona,35205,17.7,32.8,27695
104805,Arizona,2238,15.2,32.8,3081
105118,Arizona,93,24.1,36.8,523
105145,Arizona,6440,23.8,20.4,3415
105154,Arizona,23678,22.6,20.4,14734
105163,Arizona,409,35.9,32.8,468
105172,Arizona,498,36.1,32.8,575
105206,Arizona,5227,21.1,20.4,3309
105297,Arizona,1466,10.2,22,1357
105330,Arizona,22160,20.1,22,21724
105349,Arizona,3233,8.6,20.4,1964
105428,Arizona,12676,22.7,20.4,7001
105516,Arizona,3099,23.4,32.8,2721
105525,Arizona,30082,22.1,20.4,18794
105534,Arizona,1726,24.6,32.8,2357
105543,New Mexico,930,23.1,36.7,1393
105589,Arizona,545,26.1,21.7,680
105659,Arizona,621,44.1,36.8,842
105668,Arizona,21472,7.4,20.4,15333
105747,Arizona,10313,27.9,20.4,6030
105792,Arizona,4718,28,20.4,2737
105899,Arizona,635,16.3,21.7,526
106041,Arizona,2337,38.3,36.8,3860
106102,Arizona,1497,30,32.8,985
106148,Arizona,8197,19,20.4,4258
106245,Arkansas,9970,18.9,19.6,7814
106306,Arkansas,1027,10.4,19.4,877
106342,Arkansas,592,18.6,19.4,559
106397,Arkansas,21009,17.4,19.6,19445
106412,Arkansas,2521,14.5,19.6,2494
106449,Arkansas,4380,26.6,23.6,3387
106458,Arkansas,10098,23.6,19.6,9242
106467,Arkansas,10482,21,19.6,8398
106485,Arkansas,3706,21,19.6,3031
106625,Arkansas,2248,21.2,23.6,1906
106704,Arkansas,9754,23.8,19.6,8908
106713,Arkansas,827,16.1,19.4,742
106795,Arkansas,1597,20.4,23.6,1011
106810,Arkansas,200,15.3,19.4,147
106883,Arkansas,1386,33.1,23.6,919
106980,Arkansas,3246,22.9,23.6,2237
106999,Arkansas,1353,26.1,23.6,1051
107044,Arkansas,4428,19.8,19.4,4300
107071,Arkansas,3199,14.9,19.6,3197
107080,Arkansas,1431,20.8,19.4,1438
107141,Arkansas,2080,27.7,19.4,1752
107318,Arkansas,1793,11.2,23.6,1217
107327,Arkansas,1425,23.6,23.6,1149
107460,Arkansas,2167,26.5,23.6,1744
107512,Arkansas,1543,18.9,19.4,1536
107521,Arkansas,1501,33.4,23.6,923
107549,Arkansas,1489,23.2,23.6,1251
107558,Arkansas,585,14.9,19.4,598
107585,Arkansas,2149,31.6,23.6,1705
107600,Arkansas,556,17.4,19.4,624
107619,Arkansas,2029,19.7,23.6,1151
107637,Arkansas,1601,27.6,23.6,1251
107664,Arkansas,10527,25,23.6,8396
107725,Arkansas,1460,32.5,23.6,1054
107743,Arkansas,957,23.8,23.6,636
107877,Arkansas,574,19.3,19.4,516
107974,Arkansas,1632,27,23.6,1310
107983,Arkansas,2960,18.8,19.6,2681
107992,Arkansas,1730,30.5,23.6,1316
108092,Arkansas,7170,17.1,19.6,6103
108232,California,10508,14,23.2,8062
108250,California,510,36.9,23.2,574
108667,California,5799,7.7,12.8,3071
108807,California,10885,20.9,12.8,6639
108852,California,258,32.4,34.1,276
109040,California,1770,16.1,39.3,1320
109208,California,29701,13.8,12.8,20452
109350,California,14262,14.2,12.8,9206
109651,California,1767,16.9,22.4,2072
109785,California,6543,24.2,22.4,6038
109819,California,17770,9.2,12.8,10325
109907,California,3211,13.2,12.8,2120
110060,California,259,25.1,22.4,217
110097,California,4331,20.6,22.4,4274
110185,California,492,20.9,23.2,745
110219,California,879,9.1,23.2,1585
110246,California,12163,17.4,12.8,8649
110334,California,13666,15.8,12.8,7729
110361,California,5797,18.7,22.4,5056
110370,California,1502,18.8,22.4,1434
110404,California,977,24.8,22.4,978
110413,California,2888,25.2,22.4,2812
110422,California,18739,20.7,25,16661
110468,California,917,33.5,22.4,227
110486,California,7350,21.7,25,6915
110495,California,7754,24.6,25,6243
110510,California,16191,22,25,14586
110529,California,20952,23.9,25,17439
110538,California,15290,25.2,25,14249
110547,California,12481,26,25,8683
110556,California,20295,21.1,25,17363
110565,California,33116,26.9,25,26806
110574,California,12146,25.8,25,11053
110583,California,30593,26.1,25,25679
110592,California,19589,22.9,25,15805
110608,California,33771,27.2,25,25175
110617,California,26094,25.3,25,20490
110635,California,25951,27.6,25,27568
110644,California,26533,26.6,25,25844
110653,California,23530,26.5,25,23595
110662,California,28674,26.8,25,28634
110671,California,18621,21.9,25,18145
110680,California,23805,26.3,25,23961
110705,California,19362,26.7,25,19593
110714,California,15695,24.9,25,16216
110945,California,762,22.2,22.4,1577
111009,California,489,31.7,39.3,733
111081,California,995,19.9,22.4,948
111188,California,1045,14.7,25,1209
111434,California,6620,10.2,12.8,3446
111461,California,18508,12.5,12.8,11307
111638,California,606,39.9,34.1,877
111887,California,21404,11,12.8,13090
111896,California,4523,10.1,12.8,2420
111920,California,13142,9,12.8,7610
111939,California,19211,17.3,12.8,10496
111948,California,6005,21.5,22.4,5964
111966,California,85,60.2,22.4,85
112075,California,1944,23.1,22.4,1842
112084,California,892,17.8,22.4,767
112172,California,12920,17.2,12.8,8456
112190,California,26706,9.3,12.8,17569
112260,California,1316,23.6,22.4,1272
112385,California,10378,29.9,12.8,4591
112394,California,462,16.6,23.2,332
112446,California,532,61.5,22.4,878
112561,California,2626,13.9,12.8,1523
112570,California,314,17.5,22.4,368
112686,California,7693,5.5,12.8,4506
112826,California,6865,14,12.8,4249
113096,California,13949,7.5,12.8,9327
113111,California,5697,12.2,12.8,3222
113193,California,9256,15.8,12.8,6518
113218,California,8859,13.4,12.8,4270
113236,California,15881,11.2,12.8,8732
113333,California,23261,8.3,12.8,16729
113573,California,9259,11.2,12.8,5686
113582,California,181,23.6,23.2,185
113634,California,20286,8.4,12.8,13015
113698,California,1603,24,22.4,1484
113856,California,36606,11.8,12.8,17297
113980,California,23996,13.3,12.8,13952
114123,California,419,37.3,39.3,323
114266,California,9211,8.6,12.8,5539
114354,California,3459,48.1,23.2,3705
114390,California,637,47,23.2,658
114415,California,214,59.3,39.3,269
114433,California,1782,15.7,12.8,1171
114716,California,14814,10.3,12.8,9635
114789,California,21344,8.8,12.8,12994
114813,California,2586,31.9,22.4,2393
114859,California,24301,12.4,12.8,11124
114938,California,5834,10.6,12.8,3327
115001,California,15744,4.8,12.8,11348
115126,California,12717,16.4,12.8,7358
115296,California,18618,15.2,12.8,10461
115393,California,9439,14.2,12.8,5506
115409,California,807,23.4,22.4,788
115454,California,1150,29.9,39.3,1444
115472,California,1791,24.2,39.3,2199
115490,California,1671,31.9,39.3,1975
115515,California,1074,29.8,39.3,1230
115533,California,1503,29.3,39.3,1720
115728,California,888,16.4,22.4,817
115755,California,7767,19.7,25,7081
115773,California,757,16.2,22.4,1136
115861,California,7701,11.2,12.8,5313
116439,California,13362,18.4,12.8,8005
116466,California,1209,32.9,23.2,1394
116475,California,534,43.9,23.2,510
116484,California,823,37.1,23.2,971
116846,California,112,23.8,22.4,118
117052,California,13807,6.9,12.8,8144
117104,California,577,20.4,22.4,437
117113,California,1869,22.3,23.2,2180
117140,California,5216,25.1,22.4,4476
117168,California,514,15.6,22.4,433
117195,California,2426,10.3,12.8,1316
117247,California,11362,9.2,12.8,5668
117274,California,2494,18.3,12.8,1329
117557,California,116,18.5,22.4,77
117627,California,2105,14.1,22.4,1959
117645,California,24020,8.6,12.8,15602
117690,California,10098,10.2,12.8,5285
117706,California,20080,10.4,12.8,10996
117715,California,7864,7.1,12.8,3247
117724,California,13879,12,12.8,7421
117733,California,18762,11.6,12.8,9459
117751,California,1112,18.3,22.4,1271
117788,California,19635,6.4,12.8,10027
117867,California,8990,13.9,12.8,4825
117894,California,8525,12.7,12.8,5289
117928,California,1304,18.6,23.2,1334
117946,California,6205,24.5,22.4,5743
118198,California,594,33.5,39.3,953
118259,California,547,25.4,39.3,895
118277,California,1354,35.1,39.3,1700
118286,California,896,28.5,39.3,1367
118347,California,6077,6.6,12.8,4489
118541,California,1033,11.9,22.4,932
118684,California,3729,13.2,12.8,2263
118693,California,745,20.6,22.4,723
118718,California,10205,11.3,12.8,6973
118772,California,5887,11.9,12.8,2842
118888,California,985,28.7,22.4,926
118912,California,14537,12.9,12.8,11189
118930,California,9130,11.2,12.8,5625
118976,California,17084,12.5,12.8,10635
119067,California,9519,9.1,12.8,4588
119137,California,14206,20.3,12.8,9338
119164,California,28481,10.8,12.8,19891
119173,California,2625,28.2,22.4,2157
119216,California,14170,18.5,12.8,9516
119270,California,1204,29.2,23.2,1390
119331,California,6308,18.2,12.8,3780
119359,California,696,55.5,39.3,1049
119508,California,747,48.7,39.3,1064
119544,California,509,10.8,23.2,369
119605,California,10074,14.3,22.4,12180
119775,California,375,14.3,23.2,364
120184,California,1213,24.5,22.4,1012
120254,California,2128,21.7,22.4,2275
120290,California,10310,8.3,12.8,6153
120342,California,21886,13.1,12.8,12918
120403,California,1032,21,22.4,1163
120421,California,6939,17,12.8,3879
120537,California,925,20.5,22.4,748
120661,California,895,17.9,39.3,1222
120865,California,1645,21.8,22.4,1478
120883,California,3877,17.3,22.4,4194
120953,California,3253,12.6,12.8,1132
120971,California,24665,19.4,12.8,15037
121044,California,25268,13.7,12.8,14712
121150,California,3538,24.6,22.4,3799
121257,California,1081,25.1,22.4,1037
121275,California,370,51.9,23.2,414
121309,California,2556,22.5,22.4,2494
121345,California,1610,24.1,22.4,1590
121363,California,3810,13.3,12.8,2560
121381,California,571,14.5,23.2,906
121619,California,28598,21.2,12.8,11756
121691,California,3607,22.1,22.4,3481
121707,California,4938,13.5,12.8,4410
121886,California,16548,9,12.8,9610
121901,California,18165,17.8,12.8,10661
122180,California,23509,10.4,12.8,15963
122205,California,20871,17.7,12.8,13716
122339,California,16310,8.8,12.8,7972
122366,California,230,47.9,39.3,230
122375,California,24251,8.7,12.8,12487
122384,California,11891,12,12.8,5128
122409,California,27099,25.6,25,24201
122436,California,5665,22.9,22.4,5755
122454,California,478,17.1,22.4,413
122506,California,174,25.2,22.4,191
122597,California,26156,27,25,22077
122612,California,6392,21.6,22.4,6693
122658,California,17629,23.9,12.8,12167
122685,California,1616,40.1,39.3,3128
122694,California,642,40,39.3,1109
122728,California,1047,22.1,22.4,1002
122746,California,9446,9.9,12.8,5526
122755,California,25862,25,25,20414
122791,California,9377,11,12.8,5398
122834,California,543,30.2,23.2,648
122843,California,661,17,23.2,2403
122852,California,188,40.1,23.2,216
122889,California,19331,19,12.8,12568
122931,California,5435,21,22.4,6026
122977,California,29999,12.8,12.8,20311
123013,California,22094,13.6,12.8,13047
123165,California,990,23.4,22.4,950
123208,California,1199,48.1,39.3,2383
123217,California,10720,14,12.8,6982
123299,California,8479,12,12.8,5645
123341,California,18374,17,12.8,11488
123457,California,1024,33.8,22.4,958
123484,California,2533,13.6,12.8,1659
123509,California,10067,10.5,12.8,5824
123527,California,12329,11,12.8,7444
123554,California,3055,21,22.4,3053
123563,California,9583,16.7,12.8,5790
123572,California,8391,23.7,25,7449
123642,California,374,11.5,39.3,333
123651,California,2135,23.8,22.4,1940
123679,California,898,24.1,39.3,1428
123800,California,19591,8.2,12.8,10761
123952,California,237,20.1,22.4,255
123961,California,18445,24.8,22.4,19539
124113,California,5444,13.9,12.8,2121
124292,California,366,18.3,22.4,444
124487,California,265,30.9,22.4,199
124681,California,2732,66.8,39.3,5151
124706,California,753,27.2,39.3,984
124937,California,925,31.3,39.3,802
125028,California,12908,17.5,12.8,8460
125091,California,11504,13.4,12.8,7630
125170,California,6471,4.2,12.8,3146
125231,Minnesota,8205,8.3,19.6,12410
125462,California,3055,16.9,12.8,1898
125471,California,10767,8.7,12.8,5221
125499,California,9636,9.3,12.8,6128
125532,California,1267,45.5,39.3,1556
125727,California,1308,21.6,22.4,1397
125763,California,1656,20.1,22.4,1595
125897,California,1357,18,22.4,1511
126076,California,131,10.1,22.4,192
126119,California,6874,11.2,12.8,4737
126182,Colorado,2284,20.4,19.6,2115
126207,Colorado,4955,16,13.5,3598
126289,Colorado,11621,14.4,13.5,6619
126359,Colorado,576,26.6,33.7,978
126401,Colorado,389,48.5,33.7,545
126562,Colorado,13010,20.6,19.6,9926
126580,Colorado,9220,19.3,19.6,7506
126605,Colorado,434,32.8,33.7,948
126614,Colorado,26096,22.6,19.6,25055
126669,Colorado,4973,19.8,25.3,2685
126678,Colorado,2041,25.1,25.3,2002
126687,Colorado,847,21.5,33.7,1436
126702,Colorado,1794,21.4,24.7,1855
126711,Colorado,5893,16,19.6,3463
126748,Colorado,1138,17.7,13.5,757
126775,Colorado,4291,17.4,19.6,4410
126784,Colorado,182,73.6,33.7,149
126818,Colorado,23548,21.4,19.6,21413
126827,Colorado,1216,19.2,24.7,1362
126863,Colorado,7874,12.7,13.5,4730
126872,Colorado,497,13.8,25.3,913
126924,Colorado,34,6.2,33.7,105
126942,Colorado,10432,7.3,13.5,7329
126951,Colorado,1262,49.1,33.7,1270
127024,Colorado,438,23.1,24.7,669
127060,Colorado,5517,23.5,25.3,5213
127185,Colorado,3984,18.2,19.6,3631
127200,Colorado,19619,12.1,13.5,13526
127389,Colorado,902,21.1,13.5,707
127556,Colorado,9576,14.1,19.6,7618
127565,Colorado,22289,17,19.6,16926
127617,Colorado,1851,24.4,13.5,1011
127653,Colorado,383,30.5,25.3,350
127680,Colorado,281,18,24.7,258
127699,Colorado,258,19.5,24.7,213
127714,Colorado,889,25.7,25.3,394
127732,Colorado,1962,20.3,13.5,1337
127741,Colorado,9947,20.1,19.6,9548
127778,Colorado,1449,22,13.5,1167
127787,Colorado,371,54.5,33.7,528
127820,Colorado,14634,11.6,13.5,10395
127839,Colorado,339,19.8,33.7,521
127884,Colorado,6718,16,13.5,5329
127909,Colorado,8599,13.4,13.5,6185
127918,Colorado,5172,30.8,25.3,4403
127945,Colorado,739,21.7,24.7,612
128106,Colorado,5207,16.7,19.6,4454
128179,Colorado,815,73.9,33.7,204
128188,Colorado,536,41,33.7,1236
128258,Colorado,1791,28.1,13.5,1408
128391,Colorado,2193,19.9,19.6,1865
128498,Connecticut,1278,29.7,21.8,1382
128577,Connecticut,1715,15.8,15.1,1048
128683,Connecticut,837,17.9,12.1,815
128744,Connecticut,2835,22.7,21.8,2241
128771,Connecticut,9771,20.9,23.9,8543
128902,Connecticut,1915,21.5,21.8,2062
129020,Connecticut,18032,27.9,23.9,17671
129154,Connecticut,3388,18.8,21.8,3017
129215,Connecticut,5179,23.1,23.9,4862
129242,Connecticut,3873,22.7,21.8,3884
129367,Connecticut,4168,16.3,15.1,2609
129525,Connecticut,5187,23,21.8,5140
129543,Connecticut,5813,13.6,15.1,3677
129695,Connecticut,7571,17.4,15.1,4667
129729,Connecticut,7294,15.9,15.1,4491
129756,Connecticut,2900,16.2,15.1,1813
129774,Connecticut,866,20.6,21.8,813
129808,Connecticut,4749,16,15.1,2897
129941,Connecticut,4864,19.6,21.8,4802
130004,Connecticut,6556,13.1,15.1,4085
130040,Connecticut,1549,16.7,15.1,837
130110,Connecticut,155,29.7,12.1,159
130183,Connecticut,7371,10.5,12.1,5326
130217,Connecticut,1929,15.2,15.1,1178
130226,Connecticut,6542,22.4,21.8,6404
130253,Connecticut,4489,21.5,21.8,4023
130314,Connecticut,1049,23.9,21.8,905
130396,Connecticut,8186,13.3,15.1,4672
130448,Connecticut,827,23.8,21.8,530
130493,Connecticut,8257,22.2,23.9,7281
130590,Connecticut,2301,23.7,21.8,2298
130606,Connecticut,4547,13.9,15.1,2787
130697,Connecticut,2906,24,21.8,3114
130776,Connecticut,5492,18.4,23.9,5044
130794,Connecticut,5430,18.8,21.8,6908
130891,Delaware,4429,19.9,16,3159
130907,Delaware,3031,18.3,16,2239
130916,Delaware,7030,12.4,16,4972
130934,Delaware,3892,14.1,20.7,3797
130943,Delaware,18487,22,20.7,17653
130989,Delaware,554,25.6,24.4,567
131098,Delaware,1600,18,24.4,1322
131113,Delaware,8611,25.9,24.4,6179
131159,District of Columbia,7340,23.5,22.6,7098
131283,District of Columbia,3713,20.2,22.6,3757
131308,District of Columbia,323,20.9,22.6,289
131399,District of Columbia,4712,16.5,16.5,3454
131450,District of Columbia,1077,20.7,22.6,1062
131469,District of Columbia,10357,25.6,22.6,10304
131496,District of Columbia,7636,25,22.6,7346
131520,District of Columbia,6974,17.7,22.6,6446
131742,Virginia,1373,1.9,28.4,2900
131803,District of Columbia,883,17.2,16.5,818
131876,District of Columbia,1853,16,22.6,1492
132338,Florida,1924,27.6,18.1,1933
132408,Florida,507,25.2,24.2,428
132471,Florida,4341,26.9,24.2,4212
132602,Florida,3724,14.7,24.2,3675
132657,Florida,1785,24.2,24.2,1704
132693,Florida,16711,25.1,23.9,12053
132709,Florida,43883,20.7,23.9,30322
132806,Florida,59,40.2,34.7,332
132842,Florida,294,33,24.2,314
132851,Florida,8162,21.6,23.9,6103
132879,Florida,302,15.3,24.2,370
132903,Florida,51333,26.4,23.9,45565
133021,Florida,2160,28.4,23.9,1609
133085,Florida,495,18.2,24.2,498
133386,Florida,14865,27.7,23.9,11389
133465,Florida,973,21.2,18.1,833
133492,Florida,2173,21.3,24.2,2437
133508,Florida,15423,22.6,23.9,10649
133526,Florida,862,11.8,24.2,897
133553,Florida,4679,19.7,24.2,4520
133650,Florida,8930,14.1,23.9,9654
133669,Florida,25790,25.4,23.9,20736
133702,Florida,28134,26.6,23.9,21810
133711,Florida,2839,22.8,24.2,2644
133809,Florida,558,33.7,24.2,502
133845,Florida,630,24.2,34.7,671
133854,Florida,508,13.8,34.7,600
133863,Florida,454,14.1,34.7,675
133872,Florida,2160,38.2,24.2,1665
133881,Florida,3257,15.9,24.2,3039
133951,Florida,39142,22.2,23.9,34130
133960,Florida,1139,21.8,21.5,833
133979,Florida,1517,12.5,24.2,1543
133997,Florida,5818,27.8,18.1,10133
134079,Florida,2416,20.6,24.2,2285
134097,Florida,32528,27.8,23.9,31611
134112,Florida,4330,25.9,18.1,4907
134121,Florida,99,36.1,18.1,111
134130,Florida,33168,27.6,23.9,32139
134149,Florida,1746,30.7,18.1,2036
134237,Florida,18880,8.7,18.1,28213
134343,Florida,6271,21.1,23.9,4474
134495,Florida,26590,18.6,21.5,19838
134510,Florida,200,31.7,24.2,128
134608,Florida,17248,25.8,23.9,12211
134680,Florida,474,27.6,18.1,752
134811,Florida,3167,18.6,18.1,3502
134909,Florida,463,38.7,18.1,540
134945,Florida,3425,30,24.2,2873
135063,Florida,449,26.2,24.2,345
135081,Florida,16039,23.8,24.2,17507
135124,Florida,614,45.2,34.7,801
135160,Florida,3057,23.8,23.9,2179
135188,Florida,4288,22.2,23.9,2983
135364,Georgia,511,18.8,21.7,351
135391,Florida,10533,20.2,23.9,8012
135717,Florida,66298,21,23.9,53787
135726,Florida,11380,22.8,24.2,10871
135939,Florida,189,19.5,24.2,320
135957,Florida,768,51.5,34.7,829
136066,Florida,738,51.3,18.1,874
136145,Florida,1179,24.5,21.5,903
136172,Florida,14263,27.2,23.9,12712
136206,Florida,612,36,24.2,563
136215,Florida,5156,27.3,24.2,4822
136233,Florida,6708,27.7,23.9,5197
136288,Florida,714,37.2,18.1,1054
136330,Florida,2887,19.7,24.2,2420
136358,Florida,29763,23.1,23.9,19938
136400,Florida,10206,23.3,21.5,7030
136473,Florida,11235,23,23.9,8740
136516,Florida,11085,20.2,23.9,7935
136774,Florida,1253,22.2,24.2,1273
136950,Florida,2608,21.4,24.2,2674
137032,Florida,12640,29.9,24.2,11999
137078,Florida,31820,22.4,23.9,21467
137096,Florida,15113,24.3,23.9,11819
137148,Florida,131,9,18.1,94
137209,Florida,18427,19.3,23.9,15021
137281,Florida,6127,18.1,23.9,4698
137315,Florida,2699,25.5,23.9,1902
137351,Florida,31100,26.3,23.9,28730
137476,Florida,1035,15.9,24.2,1588
137546,Florida,2729,20.2,24.2,2661
137564,Florida,3083,20.6,24.2,2201
137759,Florida,13509,25.1,21.5,10904
137801,Florida,738,40.7,18.1,1108
137810,Florida,468,44.4,18.1,621
137847,Florida,6499,20.5,24.2,6494
137953,Florida,301,20,24.2,229
137962,Florida,224,17.8,24.2,167
138187,Florida,42180,24.3,23.9,30467
138275,Florida,1043,27.2,24.2,959
138293,Florida,667,18.2,24.2,644
138309,Florida,5640,17.9,18.1,5736
138354,Florida,10158,24.9,23.9,8810
138558,Georgia,3394,19.8,18.4,2564
138600,Georgia,915,19.7,21.7,892
138655,Georgia,383,41.2,32.6,307
138682,Georgia,3894,27.4,17.2,3707
138691,Georgia,6195,15.5,17.2,5000
138716,Georgia,3660,14.7,18.4,3331
138761,Georgia,316,13,34,283
138789,Georgia,6377,17.7,18.4,5831
138813,Georgia,3078,15.5,18,3140
138840,Georgia,4859,19.7,17.2,4217
138868,Georgia,1439,26.9,21.7,1376
138901,Georgia,3016,12.3,18.4,2437
138947,Georgia,2629,17.6,21.7,2631
138956,Georgia,4379,22.1,17.2,3494
139010,Georgia,2695,12,17.2,2308
139074,Georgia,751,18.8,18,1180
139144,Georgia,2141,19,21.7,2025
139153,Georgia,554,24.1,21.7,388
139199,Georgia,1700,26.5,21.7,1428
139205,Georgia,693,19.1,21.7,513
139214,Georgia,233,12.6,32.6,186
139250,Georgia,2987,14.5,18.4,2447
139278,Georgia,6915,13.5,17.2,4768
139287,Georgia,103,15.7,21.7,79
139311,Georgia,6893,20.4,18.4,5585
139357,Georgia,3739,16.8,17.2,3241
139366,Georgia,7013,16.9,18.4,6037
139384,Georgia,6051,23.1,17.2,4629
139393,Georgia,1104,22.1,21.7,1069
139463,Georgia,5015,16.1,18.4,3846
139579,Georgia,777,18.6,18,760
139621,Georgia,2857,6.2,18.4,2345
139630,Georgia,806,18.6,21.7,748
139658,Georgia,7836,25.2,21.7,8696
139700,Georgia,5492,13,17.2,4071
139719,Georgia,2858,11.3,18.4,2981
139755,Georgia,14558,20.7,18.4,15126
139764,Georgia,2667,20.5,18.4,2459
139861,Georgia,5729,20.8,18.4,5540
139904,Georgia,1651,18.5,17.2,1650
139931,Georgia,17904,16.5,18.4,17010
139940,Georgia,24868,20.1,18.4,21951
139959,Georgia,26278,27.3,18.4,25050
139968,Georgia,4187,15,18.4,3336
139986,Georgia,5177,17.3,17.2,4168
139995,Georgia,174,64.1,34,165
140003,Georgia,368,32.7,32.6,404
140012,Georgia,7180,20,17.2,5138
140164,Georgia,22621,17.4,18.4,19728
140234,Georgia,856,21,21.7,853
140243,Georgia,3579,26.5,17.2,2435
140252,Georgia,765,9.4,21.7,849
140331,Georgia,10470,11.7,17.2,8173
140340,Georgia,393,24.3,18,526
140447,Georgia,4419,24.3,21.7,4075
140553,Georgia,2170,16.7,21.7,2379
140599,Georgia,2058,24.8,17.2,1493
140678,Georgia,2441,21.9,17.2,1976
140696,Georgia,1091,18.9,21.7,1027
140720,Georgia,924,11.3,21.7,828
140818,Georgia,1281,22.4,21.7,1255
140872,Georgia,1217,20.4,21.7,1196
140942,Georgia,4784,13.8,17.2,3677
140951,Georgia,8825,21.8,21.7,8146
140960,Georgia,4602,9.8,18.4,4045
140988,Georgia,1544,15.2,21.7,1488
141006,Georgia,1828,26.3,17.2,1565
141060,Georgia,2129,19.2,21.7,2383
141097,Georgia,5732,16.5,18.4,4742
141158,Georgia,1546,25.9,17.2,1195
141167,Georgia,886,23.7,21.7,780
141185,Georgia,870,20,21.7,804
141237,Georgia,1606,8.8,21.7,886
141255,Georgia,3966,20,17.2,3246
141264,Georgia,9718,17.4,18.4,9382
141325,Georgia,651,18.1,21.7,516
141334,Georgia,9959,16.8,18.4,9112
141361,Georgia,1117,16.3,21.7,1038
141468,Hawaii,1678,28.2,28.2,1815
141486,Hawaii,2036,27.2,21.6,1565
141565,Hawaii,3457,21.5,22.7,3036
141574,Hawaii,14499,22.8,22.7,13697
141644,Hawaii,5582,21.8,21.6,4633
141680,Hawaii,4368,21.7,18.7,2538
141796,Hawaii,8376,19.4,18.7,5069
141802,Hawaii,1530,26,18.7,815
141811,Hawaii,7976,15.8,18.7,4589
141839,Hawaii,4076,21.3,22.7,2492
141981,Hawaii,2361,28.8,22.7,1303
141990,Hawaii,2799,12.7,18.7,1481
142054,Idaho,552,55.5,55.5,527
142090,Idaho,186,19.1,18,182
142115,Idaho,19026,18.7,19,14986
142179,Idaho,725,38.3,16.3,531
142276,Idaho,11418,18.3,19,8853
142285,Idaho,9540,19.3,19,9214
142294,Idaho,1095,19.6,18,1026
142328,Idaho,4304,21.2,19,3199
142337,Idaho,251,41,30.3,298
142443,Idaho,6029,18.5,16.3,4684
142461,Idaho,1488,18.7,18,1711
142522,Idaho,27692,17.9,18,30522
142559,Idaho,8330,18.8,16.3,5051
142887,Illinois,406,14.8,28.6,384
143048,Illinois,2714,21.1,24.2,2498
143084,Illinois,2524,21.3,24.2,2555
143118,Illinois,3246,23.4,24.2,3013
143215,Illinois,11332,16.5,14.6,9085
143279,Illinois,6574,12.4,14.6,5086
143288,Illinois,543,18.8,24.2,541
143358,Illinois,4825,23.6,24.2,4726
143613,Illinois,2328,21.8,14.6,1784
144005,Illinois,4340,19.4,24.3,3602
144050,Illinois,5703,24.5,24.2,5619
144157,Illinois,5860,11.3,14.6,5044
144166,Illinois,6842,8,14.6,5494
144175,Illinois,5298,8.1,14.6,4110
144184,Illinois,11800,6.6,14.6,9050
144193,Illinois,9384,6.8,14.6,7497
144209,Illinois,9036,7.9,14.6,6987
144218,Illinois,12640,11.2,14.6,8683
144281,Illinois,9671,21.7,24.2,9340
144351,Illinois,1604,19.1,24.2,1427
144467,Illinois,958,27.6,34.4,1590
144485,Illinois,590,36.3,34.4,1549
144564,Illinois,4035,17.4,14.6,2229
144740,Illinois,16420,23.3,24.2,15773
144865,Illinois,28627,11.9,14.6,18910
144883,Illinois,684,16.7,24.2,780
144892,Illinois,8347,25.3,24.3,8235
144944,Illinois,11285,17.1,14.6,8173
144962,Illinois,2900,24.4,24.2,3200
144971,Illinois,692,22.2,24.2,719
145239,Illinois,387,47.4,34.4,434
145372,Illinois,1129,27,24.2,1232
145460,Illinois,381,30.9,28.6,377
145497,Illinois,521,5.9,24.2,515
145521,Illinois,2031,24.2,14.6,1383
145600,Illinois,16671,23.1,24.3,15972
145619,Illinois,3828,24.7,24.2,3601
145637,Illinois,32695,22.3,24.3,34295
145646,Illinois,2009,22.4,24.2,2010
145682,Illinois,10770,19.5,14.6,7158
145691,Illinois,1010,20.1,24.2,1033
145707,Illinois,1470,37.6,14.6,1260
145725,Illinois,2926,20.5,24.2,2825
145770,Illinois,296,9.5,28.6,238
145813,Illinois,17749,25.3,24.3,17086
145831,Illinois,3705,21.6,14.6,2747
146010,Illinois,346,22.6,28.6,514
146205,Illinois,7150,19.2,14.6,3995
146278,Illinois,1923,23.3,14.6,1633
146296,Illinois,16869,15.2,14.6,11401
146339,Illinois,1066,24.4,24.2,1017
146348,Illinois,3825,16,14.6,2969
146366,Illinois,5258,22.3,14.6,3867
146393,Illinois,1659,25.4,28.6,1651
146418,Illinois,4717,18,14.6,3356
146427,Illinois,1424,22.8,24.2,1408
146472,Illinois,17685,15,14.6,11041
146481,Illinois,1590,20.7,24.2,1590
146506,Illinois,6351,17.5,14.6,7499
146603,Illinois,8520,21.4,14.6,4189
146612,Illinois,4613,24.7,24.2,4313
146667,Illinois,623,24.3,24.2,569
146676,Illinois,1240,27.2,24.2,1124
146685,Illinois,7020,17,14.6,5460
146700,Illinois,617,60.7,34.4,983
146719,Illinois,10168,22.2,24.2,10138
146755,Illinois,234,46,24.2,172
146816,Illinois,215,19.4,26.8,150
146825,Illinois,571,19.7,24.2,562
147004,Illinois,7023,16.2,14.6,4886
147013,Illinois,2358,25.3,24.2,2046
147129,Illinois,508,26.5,24.2,619
147165,Illinois,543,35,28.6,453
147244,Illinois,2153,21.5,24.2,2305
147341,Illinois,1255,21.6,24.2,1252
147369,Illinois,3103,18.3,24.2,2813
147378,Illinois,16106,15.8,14.6,12008
147396,Illinois,103,39.8,26.8,45
147411,Illinois,4886,14.9,14.6,3236
147536,Illinois,1427,48.4,24.2,1143
147660,Illinois,2797,22.2,24.2,2686
147679,Illinois,2204,23.6,24.2,2009
147703,Illinois,15814,25.6,24.3,14566
147749,Illinois,430,19.6,34.4,429
147767,Illinois,9283,26.5,24.2,9017
147776,Illinois,8950,23.8,24.3,6849
147800,Illinois,10866,8.8,14.6,7271
147828,Illinois,3335,22.6,24.2,3347
147916,Illinois,8437,12.1,14.6,7326
148007,Illinois,5064,9.8,14.6,4050
148131,Illinois,1196,19.9,24.2,1193
148140,Illinois,200,45,34.4,310
148177,Illinois,2322,18.9,28.6,2419
148256,Illinois,2714,30.9,14.6,2778
148292,Illinois,3340,28.6,14.6,2434
148335,Illinois,2781,42.5,24.2,3546
148380,Illinois,8150,18,14.6,6269
148399,Illinois,484,27.6,34.4,546
148405,Illinois,972,25.3,24.2,942
148487,Illinois,3658,30.1,24.2,3073
148496,Illinois,2069,21.5,24.2,1861
148584,Illinois,1780,26.4,24.2,1543
148627,Illinois,2920,25.7,24.2,2594
148654,Illinois,3039,28.1,24.3,2436
148672,Illinois,2220,17.5,14.6,1719
148821,Illinois,1834,18.7,14.6,1787
148849,Illinois,97,17.6,24.2,109
148876,Illinois,1607,31.7,24.2,1176
148937,Illinois,1930,19.7,14.6,1473
148991,Illinois,1784,21.6,14.6,1118
149222,Illinois,13306,32.2,24.3,11780
149231,Illinois,11229,21.1,24.3,10364
149310,Illinois,257,11.2,34.4,401
149365,Illinois,5212,9,14.6,3972
149505,Illinois,1333,24,24.2,1185
149514,Illinois,906,19.6,24.2,852
149532,Illinois,11225,12.1,14.6,8817
149639,Illinois,133,17.9,24.2,129
149727,Illinois,10721,14.5,14.6,7698
149772,Illinois,9873,24.4,24.3,9526
149781,Illinois,2444,24,24.2,2616
149842,Illinois,14830,15.5,14.6,10800
150048,Indiana,424,28,28,236
150066,Indiana,2016,20.1,23.8,2043
150136,Indiana,16300,20,20.4,16423
150145,Indiana,1655,31.4,23.8,1612
150163,Indiana,4051,19.7,23.8,3920
150172,Indiana,988,34.9,23.8,625
150251,Indiana,265,7.1,40.4,221
150400,Indiana,2304,22.6,23.8,2360
150455,Indiana,1064,22.7,23.8,1076
150534,Indiana,2477,20.3,23.8,2621
150604,Indiana,1014,23.7,23.8,1061
150668,Indiana,828,25.4,23.8,884
150677,Indiana,1615,27.5,23.8,1429
150756,Indiana,1163,19.5,23.8,1131
150774,Indiana,524,16.1,23.8,441
150941,Indiana,1053,22,23.8,1101
150987,Indiana,98778,17.1,17.1,71493
151102,Indiana,12928,16.7,20.4,9684
151111,Indiana,22409,22.8,20.4,18906
151166,Indiana,3726,23.7,26.7,4244
151263,Indiana,4162,19.6,23.8,3801
151290,Indiana,5717,21.3,23.8,3993
151306,Indiana,8913,18.1,20.4,8925
151324,Indiana,10268,16.4,20.4,9490
151333,Indiana,3981,19.8,20.4,2378
151342,Indiana,7512,15.7,20.4,5191
151351,Indiana,36862,23.1,20.4,32087
151360,Indiana,5904,15.7,20.4,4034
151379,Indiana,6148,18.9,20.4,4669
151388,Indiana,4326,18,20.4,2754
151458,Indiana,406,57.2,26.7,432
151467,Indiana,399,46.6,40.4,385
151494,Tennessee,525,38.5,22.4,557
151500,Indiana,283,39,26.7,332
151519,Indiana,4296,19.1,26.7,4652
151616,Indiana,619,38.7,26.7,590
151625,Indiana,290,34.6,26.7,324
151661,Indiana,1240,52.2,40.4,1245
151777,Indiana,1199,17.3,23.8,1334
151786,Indiana,2203,22.1,23.8,2210
151801,Indiana,10766,34.9,23.8,9898
151810,Indiana,452,10.5,23.8,395
151944,Indiana,423,42.4,26.7,539
152080,Indiana,8477,23.5,23.8,9280
152099,Indiana,2311,22.9,23.8,1214
152248,Indiana,8390,18.2,20.4,6568
152266,Indiana,6054,16,20.4,3629
152318,Indiana,2205,20.5,23.8,2058
152336,Indiana,1980,23.6,23.8,1762
152363,Indiana,1141,19.4,23.8,1130
152381,Indiana,649,23.8,23.8,615
152390,Indiana,1479,24.8,23.8,1539
152415,Indiana,366,32.7,40.4,664
152530,Indiana,2146,19.1,23.8,2185
152567,Indiana,1874,16.5,23.8,1710
152600,Indiana,3251,21.4,23.8,3071
152637,Indiana,18383,16,20.4,9876
152673,Indiana,902,19.8,23.8,911
152798,Iowa,398,45,25,366
152822,Iowa,1019,32.8,25,1121
152992,Iowa,1042,21.2,25,939
153001,Iowa,2293,29.7,25,2450
153108,Iowa,1386,21.2,25,1512
153126,Iowa,1011,24.7,25,896
153144,Iowa,1419,19,25,1502
153162,Iowa,1125,20.2,25,1276
153214,Iowa,20167,16.5,21.1,15337
153241,Iowa,90,7.6,25,99
153250,Iowa,1376,21,25,1432
153269,Iowa,3383,25,25,3035
153278,Iowa,1694,20.3,25,1641
153296,Iowa,1034,24.7,21.1,848
153302,Iowa,187,45.2,25,205
153311,Iowa,8694,17.9,21.1,5507
153320,Iowa,229,25.6,25,266
153366,Iowa,1559,26.2,25,1350
153375,Iowa,2096,23.9,25,1934
153384,Iowa,1721,23.4,25,1635
153409,Iowa,205,23.3,17.3,399
153418,Iowa,483,25.5,17.3,988
153427,Iowa,177,41.6,17.3,436
153445,Iowa,5809,16.1,21.1,7160
153472,Iowa,4604,32.1,21.1,4034
153524,Iowa,5697,21.2,21.1,4682
153533,Iowa,2574,25.7,21.1,2311
153603,Iowa,27659,20.1,21.2,25405
153621,Iowa,599,26.7,25,595
153630,Iowa,6861,16.8,21.1,5344
153658,Iowa,21974,21.7,21.2,20279
153737,Iowa,15076,21.8,21.1,11503
153825,Iowa,1554,20.7,25,1534
153834,Iowa,2466,20.6,25,2700
153861,Iowa,319,15,25,432
153922,Iowa,2101,25.3,21.1,1317
153977,Iowa,831,39.7,25,804
154004,Iowa,1305,20.3,25,1203
154013,Iowa,1476,33.5,25,1219
154022,Iowa,50895,18.5,17.3,63888
154059,Iowa,3207,29.5,21.1,2235
154095,Iowa,10380,22.7,21.2,9694
154101,Iowa,1233,20,25,1205
154110,Iowa,5201,23.9,21.1,3365
154129,Iowa,1628,33.8,21.1,1112
154235,Iowa,2743,26.1,25,2392
154262,Iowa,184,51.3,25,167
154350,Iowa,1712,23.8,25,1825
154378,Iowa,3225,26.8,21.1,2251
154396,Iowa,1573,27.8,21.1,1149
154493,Iowa,4632,29.2,25,4826
154518,Iowa,1150,22.9,17.3,762
154527,Iowa,1714,21,25,1812
154572,Iowa,6331,24.7,21.1,3544
154590,Iowa,1728,27.1,25,1564
154642,Kansas,2852,14.2,19.3,2089
154688,Kansas,1897,34.2,23.9,1746
154697,Kansas,5210,15.7,19.3,4108
154712,Kansas,2113,17.7,23.9,1878
154721,Kansas,665,17.9,23.9,567
154749,Kansas,482,20.9,23.9,460
154767,Kansas,486,42.2,28.4,513
154776,Kansas,508,40.8,28.4,505
154794,Kansas,88,22.8,41.8,154
154800,Kansas,9142,17.8,19.3,6676
154855,Kansas,1037,14.3,23.9,854
154907,Kansas,2318,16.4,19.3,1612
154925,Kansas,1866,22.4,19.3,1315
154934,Kansas,1402,30.6,19.3,1065
154952,Kansas,3888,18.9,19.3,3173
154998,Kansas,1785,18.2,19.3,1398
155007,Kansas,474,15.1,23.9,297
155025,Kansas,3873,20.1,22.3,3392
155052,Kansas,834,50.8,19.3,610
155061,Kansas,11433,34.7,22.3,7574
155070,Kansas,234,21.1,23.9,223
155089,Kansas,1609,34.6,23.9,1478
155098,Kansas,1931,20.3,19.3,1515
155104,Kansas,1997,20.6,19.3,1489
155140,Kansas,742,23.8,22.3,729
155177,Kansas,445,34.4,34.4,409
155186,Kansas,3226,16.8,19.3,2148
155195,Kansas,6127,21.3,19.3,4174
155201,Kansas,1031,13.6,19.3,896
155210,Kansas,19672,14.3,19.3,11976
155283,Missouri,783,18.2,32,1217
155292,Kansas,6570,17.7,19.3,4718
155317,Kansas,19217,22.3,22.3,18346
155335,Kansas,2795,20.2,23.9,1571
155399,Kansas,20169,19.9,22.3,18225
155414,Kansas,684,22.2,23.9,694
155450,Kansas,1959,18.1,19.3,1256
155487,Kansas,825,36,19.3,629
155496,Kansas,327,21.9,23.9,279
155511,Kansas,637,22.3,23.9,613
155520,Kansas,1438,30.4,23.9,1593
155566,Kansas,2667,26.2,19.3,1635
155593,Kansas,844,44.2,19.3,672
155618,Kansas,626,41.5,19.3,541
155627,Kansas,538,18,23.9,535
155681,Kansas,6236,19.5,22.3,6041
155715,Kansas,1541,30.1,19.3,1130
155812,Kansas,890,22.7,23.9,736
155830,Kansas,447,36,19.3,412
155858,Kansas,1857,25.1,19.3,1326
155900,Kansas,1358,37.3,23.9,1276
155937,Kansas,690,20.3,23.9,600
155973,Kansas,725,21.5,23.9,683
156082,Kansas,6179,21.8,22.3,4786
156107,Kansas,2934,21.6,19.3,2220
156125,Kansas,11670,20.2,22.3,9961
156189,Kentucky,631,14.9,20.4,569
156213,Kentucky,1547,21.1,20.4,1415
156231,Kentucky,3359,21.1,18.5,2482
156286,Kentucky,2593,20.3,20.4,2684
156295,Kentucky,1623,17.7,20.4,1623
156338,Kentucky,4758,19.5,18.5,2794
156356,Kentucky,928,16.2,20.4,673
156365,Kentucky,3048,14.9,20.4,2485
156392,Kentucky,12365,17.9,18.5,8560
156408,Kentucky,1381,22.1,20.4,1350
156417,Kentucky,152,24.6,20.4,123
156471,Kentucky,847,44.2,41.4,994
156541,Kentucky,2096,16.5,20.4,1550
